{"cameraMode":{"drawMode":0,"name":"Shaded","section":"Shading Mode"},"sceneLighting":false,"audioPlay":false,"sceneViewState":{"showFog":true,"showMaterialUpdate":false,"showSkybox":false,"showFlares":true,"showImageEffects":true,"showParticleSystems":true},"in2DMode":false,"pivot":{"x":0.40602290630340578,"y":-0.5673071146011353,"z":-0.007592201232910156},"rotation":{"x":0.047878656536340716,"y":0.2739139199256897,"z":-0.01366077084094286,"w":0.9604702591896057},"size":1.652522087097168,"orthographic":false}