{"cameraMode":{"drawMode":0,"name":"Shaded","section":"Shading Mode"},"sceneLighting":false,"audioPlay":false,"sceneViewState":{"showFog":true,"showMaterialUpdate":false,"showSkybox":false,"showFlares":true,"showImageEffects":true,"showParticleSystems":true},"in2DMode":false,"pivot":{"x":0.7298511266708374,"y":0.04189671576023102,"z":0.37773990631103518},"rotation":{"x":0.017823629081249238,"y":-0.2286098450422287,"z":0.004186125937849283,"w":0.973350465297699},"size":0.23716145753860475,"orthographic":false}